GEO_ID,NAME,TOTAL,TOTAL_MOE,WHITE_ALONE,WHITE_ALONE_MOE,PERCENT_WHITE_ALONE,BLACK_OR_AA_ALONE,BLACK_OR_AA_ALONE_MOE,PERCENT_POP_BLACK_OR_AA_ALONE,AMERICAN_INDIAN_OR_ALASKA_NATIVE_ALONE,AMERICAN_INDIAN_OR_ALASKA_NATIVE_ALONE_MOE,PERCENT_AMERICAN_INDIAN_OR_ALASKA_NATIVE_ALONE,ASIAN_ALONE,ASIAN_ALONE_MOE,PERCENT_ASIAN_ALONE,NATIVE_HAWAIIAN_OR_PI_ALONE,NATIVE_HAWAIIAN_OR_PI_ALONE_MOE,PERCENT_NATIVE_HAWAIIAN_OR_PI_ALONE,SOME_OTHER_RACE_ALONE,SOME_OTHER_RACE_ALONE_MOE,PERCENT_SOME_OTHER_RACE_ALONE,TWO_OR_MORE_RACES,TWO_OR_MORE_RACES_MOE,PERCENT_TWO_OR_MORE_RACES
1400000US22071000100,"Census Tract 1, Orleans Parish, Louisiana",2584,276,2315,250,0.895897833,236,103,0.091331269,0,13,0.00503096,33,35,0.012770898,0,13,0,0,13,0,0,13,0
1400000US22071000200,"Census Tract 2, Orleans Parish, Louisiana",1202,232,288,121,0.239600666,876,239,0.728785358,6,9,0.007487521,0,13,0,0,13,0,0,13,0,32,28,0.026622296
1400000US22071000300,"Census Tract 3, Orleans Parish, Louisiana",1361,350,133,72,0.097722263,1228,358,0.902277737,0,13,0.0095518,0,13,0,0,13,0,0,13,0,0,13,0
1400000US22071000400,"Census Tract 4, Orleans Parish, Louisiana",1937,311,340,95,0.175529169,1522,296,0.785751162,26,32,0.016520392,22,20,0.01135777,0,13,0,27,38,0.013939081,0,13,0
1400000US22071000601,"Census Tract 6.01, Orleans Parish, Louisiana",953,199,24,29,0.025183631,929,195,0.974816369,0,13,0.013641133,0,13,0,0,13,0,0,13,0,0,13,0
1400000US22071000602,"Census Tract 6.02, Orleans Parish, Louisiana",2364,492,321,178,0.135786802,1897,459,0.802453469,0,13,0.005499154,4,8,0.001692047,0,13,0,135,161,0.057106599,7,14,0.002961083
1400000US22071000603,"Census Tract 6.03, Orleans Parish, Louisiana",1072,262,64,46,0.059701493,856,250,0.798507463,0,13,0.012126866,11,17,0.010261194,0,13,0,97,98,0.090485075,44,55,0.041044776
1400000US22071000604,"Census Tract 6.04, Orleans Parish, Louisiana",3892,540,616,359,0.158273381,3019,548,0.775693731,11,18,0.004624872,8,14,0.002055498,0,13,0,0,13,0,238,247,0.061151079
1400000US22071000605,"Census Tract 6.05, Orleans Parish, Louisiana",2242,316,454,119,0.20249777,1666,330,0.74308653,0,13,0.005798394,5,7,0.002230152,0,13,0,105,83,0.046833185,12,14,0.005352364
1400000US22071000606,"Census Tract 6.06, Orleans Parish, Louisiana",4326,440,1390,235,0.321312991,2372,375,0.548312529,19,27,0.006241331,267,161,0.061719834,0,13,0,117,95,0.02704577,161,157,0.037216828
1400000US22071000607,"Census Tract 6.07, Orleans Parish, Louisiana",4681,564,1720,320,0.367442854,2274,472,0.485793634,8,14,0.002990814,60,49,0.012817774,0,13,0,456,296,0.097415082,163,117,0.034821619
1400000US22071000611,"Census Tract 6.11, Orleans Parish, Louisiana",4641,704,20,22,0.004309416,3972,661,0.855850032,0,13,0.00280112,525,266,0.113122172,0,13,0,124,109,0.02671838,0,13,0
1400000US22071000612,"Census Tract 6.12, Orleans Parish, Louisiana",2043,519,993,164,0.486049927,748,493,0.366128243,4,7,0.003426334,179,103,0.087616251,0,13,0,92,123,0.045031816,27,24,0.013215859
1400000US22071000613,"Census Tract 6.13, Orleans Parish, Louisiana",5379,730,505,229,0.093883621,4771,768,0.886967838,0,18,0.003346347,58,83,0.010782673,0,18,0,38,43,0.00706451,7,12,0.001301357
1400000US22071000615,"Census Tract 6.15, Orleans Parish, Louisiana",4248,653,884,246,0.208097928,2995,635,0.705037665,0,13,0.003060264,165,103,0.038841808,0,13,0,126,168,0.029661017,78,75,0.018361582
1400000US22071000616,"Census Tract 6.16, Orleans Parish, Louisiana",4261,578,1649,280,0.386998357,2313,483,0.542830322,0,13,0.003050927,52,48,0.012203708,0,13,0,36,54,0.008448721,211,151,0.049518892
1400000US22071000617,"Census Tract 6.17, Orleans Parish, Louisiana",5258,763,369,193,0.070178775,4449,715,0.846139216,0,18,0.003423355,118,124,0.022441993,0,18,0,267,364,0.050779764,55,60,0.010460251
1400000US22071000618,"Census Tract 6.18, Orleans Parish, Louisiana",4894,561,1192,285,0.243563547,3524,551,0.720065386,0,13,0.002656314,178,116,0.036371067,0,13,0,0,13,0,0,13,0
1400000US22071000701,"Census Tract 7.01, Orleans Parish, Louisiana",832,229,45,34,0.054086538,744,226,0.894230769,0,13,0.015625,7,11,0.008413462,0,13,0,28,46,0.033653846,8,8,0.009615385
1400000US22071000702,"Census Tract 7.02, Orleans Parish, Louisiana",1808,341,340,115,0.188053097,1371,321,0.75829646,0,13,0.007190265,57,66,0.031526549,0,13,0,0,13,0,40,38,0.022123894
1400000US22071000800,"Census Tract 8, Orleans Parish, Louisiana",1593,215,252,90,0.15819209,1297,215,0.814187068,0,13,0.008160703,0,13,0,0,13,0,0,13,0,44,52,0.027620841
1400000US22071000901,"Census Tract 9.01, Orleans Parish, Louisiana",953,200,162,134,0.169989507,791,219,0.830010493,0,13,0.013641133,0,13,0,0,13,0,0,13,0,0,13,0
1400000US22071000902,"Census Tract 9.02, Orleans Parish, Louisiana",493,183,15,16,0.030425963,458,178,0.929006085,0,13,0.026369168,0,13,0,0,13,0,20,27,0.040567951,0,13,0
1400000US22071000903,"Census Tract 9.03, Orleans Parish, Louisiana",750,184,8,9,0.010666667,739,185,0.985333333,0,13,0.017333333,0,13,0,0,13,0,0,13,0,3,6,0.004
1400000US22071000904,"Census Tract 9.04, Orleans Parish, Louisiana",1046,163,52,28,0.049713193,986,163,0.942638623,3,5,0.004780115,0,13,0,5,9,0.004780115,0,13,0,0,13,0
1400000US22071001100,"Census Tract 11, Orleans Parish, Louisiana",1814,229,1045,138,0.576074972,705,167,0.388643881,10,15,0.008269019,9,12,0.004961411,0,13,0,20,24,0.011025358,25,29,0.013781698
1400000US22071001200,"Census Tract 12, Orleans Parish, Louisiana",1727,235,1388,218,0.803705848,215,104,0.124493341,11,12,0.006948466,17,18,0.00984366,0,13,0,79,54,0.045744065,17,18,0.00984366
1400000US22071001301,"Census Tract 13.01, Orleans Parish, Louisiana",2040,290,770,147,0.37745098,1176,282,0.576470588,0,13,0.006372549,21,24,0.010294118,0,13,0,9,10,0.004411765,64,67,0.031372549
1400000US22071001302,"Census Tract 13.02, Orleans Parish, Louisiana",1180,224,268,109,0.227118644,890,221,0.754237288,0,13,0.011016949,0,13,0,0,13,0,0,13,0,22,31,0.018644068
1400000US22071001401,"Census Tract 14.01, Orleans Parish, Louisiana",1401,221,70,49,0.049964311,1331,224,0.950035689,0,13,0.009279086,0,13,0,0,13,0,0,13,0,0,13,0
1400000US22071001402,"Census Tract 14.02, Orleans Parish, Louisiana",1947,253,248,127,0.127375449,1504,240,0.772470467,5,8,0.004108885,0,13,0,0,13,0,24,23,0.012326656,166,125,0.085259373
1400000US22071001500,"Census Tract 15, Orleans Parish, Louisiana",930,209,233,84,0.250537634,681,197,0.732258065,0,13,0.013978495,0,13,0,0,13,0,0,13,0,16,14,0.017204301
1400000US22071001600,"Census Tract 16, Orleans Parish, Louisiana",0,13,0,13,#DIV/0!,0,13,#DIV/0!,0,13,#DIV/0!,0,13,#DIV/0!,0,13,#DIV/0!,0,13,#DIV/0!,0,13,#DIV/0!
1400000US22071001701,"Census Tract 17.01, Orleans Parish, Louisiana",2011,277,46,59,0.022874192,1946,277,0.967677772,0,13,0.006464446,0,13,0,0,13,0,0,13,0,19,19,0.009448036
1400000US22071001702,"Census Tract 17.02, Orleans Parish, Louisiana",3185,477,761,187,0.238932496,2238,454,0.70266876,0,13,0.004081633,57,92,0.017896389,0,13,0,90,93,0.028257457,39,34,0.012244898
1400000US22071001720,"Census Tract 17.20, Orleans Parish, Louisiana",3555,533,80,55,0.022503516,3445,528,0.969057665,0,13,0.003656821,0,13,0,0,13,0,0,13,0,30,46,0.008438819
1400000US22071001722,"Census Tract 17.22, Orleans Parish, Louisiana",4679,612,66,45,0.014105578,4517,608,0.965377217,0,13,0.002778371,0,13,0,0,13,0,25,29,0.005343022,71,94,0.015174183
1400000US22071001723,"Census Tract 17.23, Orleans Parish, Louisiana",5083,616,105,67,0.020657092,4846,625,0.953373992,7,13,0.002557545,66,74,0.012984458,0,18,0,0,18,0,59,59,0.011607319
1400000US22071001724,"Census Tract 17.24, Orleans Parish, Louisiana",5550,713,269,184,0.048468468,5173,718,0.932072072,0,18,0.003243243,4,9,0.000720721,0,18,0,46,70,0.008288288,58,53,0.01045045
1400000US22071001725,"Census Tract 17.25, Orleans Parish, Louisiana",6801,1187,312,189,0.045875607,6380,1108,0.938097339,39,63,0.009263344,0,18,0,0,18,0,19,47,0.002793707,51,114,0.007498897
1400000US22071001730,"Census Tract 17.30, Orleans Parish, Louisiana",1141,179,45,63,0.039439089,957,241,0.838737949,0,13,0.011393514,55,61,0.04820333,0,13,0,84,99,0.073619632,0,13,0
1400000US22071001734,"Census Tract 17.34, Orleans Parish, Louisiana",854,149,784,182,0.918032787,31,36,0.036299766,0,13,0.015222482,2,4,0.00234192,0,13,0,14,29,0.016393443,23,23,0.026932084
1400000US22071001735,"Census Tract 17.35, Orleans Parish, Louisiana",2841,375,35,32,0.012319606,2646,367,0.931362196,0,13,0.004575854,0,13,0,23,31,0.008095741,44,40,0.015487504,93,98,0.032734952
1400000US22071001736,"Census Tract 17.36, Orleans Parish, Louisiana",1899,321,33,30,0.017377567,1725,306,0.908372828,0,13,0.006845708,0,13,0,0,13,0,59,80,0.031068984,82,76,0.043180621
1400000US22071001737,"Census Tract 17.37, Orleans Parish, Louisiana",3432,420,135,75,0.039335664,3159,419,0.920454545,46,56,0.016317016,0,13,0,0,13,0,0,13,0,92,76,0.026806527
1400000US22071001739,"Census Tract 17.39, Orleans Parish, Louisiana",2041,230,34,38,0.016658501,1886,214,0.924056835,0,13,0.006369427,52,81,0.025477707,0,13,0,0,13,0,69,60,0.033806957
1400000US22071001740,"Census Tract 17.40, Orleans Parish, Louisiana",5325,716,67,59,0.01258216,4960,781,0.931455399,0,18,0.003380282,298,273,0.055962441,0,18,0,0,18,0,0,18,0
1400000US22071001741,"Census Tract 17.41, Orleans Parish, Louisiana",1559,232,6,9,0.003848621,1056,206,0.67735728,0,13,0.008338679,431,120,0.276459269,0,13,0,52,46,0.033354715,14,21,0.008980115
1400000US22071001743,"Census Tract 17.43, Orleans Parish, Louisiana",2497,351,102,87,0.040849019,2368,352,0.948338006,0,13,0.005206247,0,13,0,0,13,0,0,13,0,27,36,0.010812976
1400000US22071001744,"Census Tract 17.44, Orleans Parish, Louisiana",5134,546,31,36,0.006038177,5077,548,0.988897546,0,18,0.003506038,26,45,0.005064277,0,18,0,0,18,0,0,18,0
1400000US22071001745,"Census Tract 17.45, Orleans Parish, Louisiana",4026,632,165,120,0.040983607,3547,614,0.881023348,0,13,0.003229011,276,254,0.068554396,0,13,0,0,13,0,38,46,0.009438649
1400000US22071001746,"Census Tract 17.46, Orleans Parish, Louisiana",3752,607,167,157,0.044509595,3575,607,0.95282516,0,13,0.003464819,0,13,0,0,13,0,0,13,0,10,14,0.002665245
1400000US22071001747,"Census Tract 17.47, Orleans Parish, Louisiana",4320,430,0,13,0,3094,439,0.716203704,0,13,0.003009259,1055,297,0.244212963,0,13,0,47,75,0.01087963,124,148,0.028703704
1400000US22071001748,"Census Tract 17.48, Orleans Parish, Louisiana",4389,588,258,140,0.058783322,3960,584,0.902255639,0,13,0.00296195,171,119,0.038961039,0,13,0,0,13,0,0,13,0
1400000US22071001749,"Census Tract 17.49, Orleans Parish, Louisiana",3113,346,116,79,0.03726309,1378,304,0.442659814,39,50,0.016061677,1464,249,0.470285898,0,13,0,111,104,0.035656923,5,10,0.001606168
1400000US22071001750,"Census Tract 17.50, Orleans Parish, Louisiana",3484,743,140,84,0.040183697,1497,469,0.42967853,5,9,0.002583238,1286,351,0.369115959,0,13,0,556,576,0.159586682,0,13,0
1400000US22071001751,"Census Tract 17.51, Orleans Parish, Louisiana",725,187,111,55,0.153103448,586,181,0.808275862,0,13,0.017931034,15,26,0.020689655,0,13,0,13,17,0.017931034,0,13,0
1400000US22071001800,"Census Tract 18, Orleans Parish, Louisiana",1409,211,1095,154,0.777146913,111,82,0.078779276,0,13,0.009226402,20,22,0.014194464,0,13,0,100,119,0.070972321,83,51,0.058907026
1400000US22071001900,"Census Tract 19, Orleans Parish, Louisiana",1323,306,444,144,0.335600907,814,264,0.61526833,36,51,0.038548753,14,16,0.010582011,0,13,0,0,13,0,15,16,0.011337868
1400000US22071002000,"Census Tract 20, Orleans Parish, Louisiana",1298,163,226,71,0.174114022,1012,176,0.779661017,0,13,0.010015408,5,8,0.00385208,0,13,0,13,18,0.010015408,42,41,0.032357473
1400000US22071002100,"Census Tract 21, Orleans Parish, Louisiana",1376,260,116,73,0.084302326,1213,251,0.881540698,0,13,0.009447674,0,13,0,0,13,0,9,7,0.006540698,38,41,0.027616279
1400000US22071002200,"Census Tract 22, Orleans Parish, Louisiana",1736,314,162,91,0.093317972,1511,303,0.870391705,8,13,0.007488479,0,13,0,0,13,0,28,45,0.016129032,27,30,0.015552995
1400000US22071002300,"Census Tract 23, Orleans Parish, Louisiana",2415,353,204,229,0.08447205,2161,288,0.894824017,0,13,0.005383023,18,27,0.007453416,0,13,0,20,24,0.008281573,12,10,0.004968944
1400000US22071002401,"Census Tract 24.01, Orleans Parish, Louisiana",2347,310,414,186,0.176395398,1768,365,0.753302088,0,13,0.005538986,17,24,0.007243289,0,13,0,53,65,0.02258202,95,92,0.040477205
1400000US22071002402,"Census Tract 24.02, Orleans Parish, Louisiana",3255,483,137,73,0.042089094,2984,497,0.916743472,0,13,0.003993856,0,13,0,0,13,0,75,53,0.023041475,59,49,0.01812596
1400000US22071002501,"Census Tract 25.01, Orleans Parish, Louisiana",2352,270,277,90,0.117772109,1897,254,0.806547619,0,13,0.005527211,63,89,0.026785714,0,13,0,35,39,0.014880952,80,56,0.034013605
1400000US22071002502,"Census Tract 25.02, Orleans Parish, Louisiana",2533,357,119,59,0.046979866,2363,367,0.932885906,0,13,0.005132254,0,13,0,0,13,0,37,38,0.014607185,14,17,0.005527043
1400000US22071002503,"Census Tract 25.03, Orleans Parish, Louisiana",2114,204,591,103,0.279564806,1346,158,0.636707663,0,13,0.00614948,5,7,0.002365184,0,13,0,114,138,0.053926206,58,53,0.02743614
1400000US22071002504,"Census Tract 25.04, Orleans Parish, Louisiana",2979,426,732,127,0.24572004,2121,416,0.711983887,9,13,0.00436388,43,57,0.014434374,0,13,0,55,43,0.018462571,19,20,0.006377979
1400000US22071002600,"Census Tract 26, Orleans Parish, Louisiana",1608,346,1280,218,0.7960199,293,301,0.18221393,0,13,0.008084577,27,34,0.016791045,0,13,0,0,13,0,8,12,0.004975124
1400000US22071002700,"Census Tract 27, Orleans Parish, Louisiana",1516,307,493,148,0.325197889,1016,334,0.670184697,3,6,0.003957784,0,13,0,0,13,0,0,13,0,4,7,0.002638522
1400000US22071002800,"Census Tract 28, Orleans Parish, Louisiana",1623,248,122,76,0.075169439,1471,234,0.906346272,0,13,0.008009858,0,13,0,0,13,0,15,22,0.009242144,15,17,0.009242144
1400000US22071002900,"Census Tract 29, Orleans Parish, Louisiana",969,217,222,95,0.229102167,672,201,0.693498452,0,13,0.013415893,19,28,0.019607843,0,13,0,0,13,0,56,61,0.057791538
1400000US22071003000,"Census Tract 30, Orleans Parish, Louisiana",1212,321,40,47,0.0330033,1064,311,0.877887789,0,13,0.010726073,0,13,0,0,13,0,31,49,0.025577558,77,98,0.063531353
1400000US22071003100,"Census Tract 31, Orleans Parish, Louisiana",1468,271,267,172,0.181880109,1190,249,0.810626703,0,13,0.008855586,0,13,0,0,13,0,6,9,0.004087193,5,9,0.003405995
1400000US22071003301,"Census Tract 33.01, Orleans Parish, Louisiana",2222,256,883,91,0.397389739,1162,265,0.522952295,0,13,0.005850585,123,81,0.055355536,0,13,0,24,29,0.01080108,30,23,0.01350135
1400000US22071003302,"Census Tract 33.02, Orleans Parish, Louisiana",3268,330,495,82,0.151468788,2702,344,0.826805386,0,13,0.003977968,1,4,0.000305998,0,13,0,53,57,0.01621787,17,24,0.005201958
1400000US22071003303,"Census Tract 33.03, Orleans Parish, Louisiana",2413,346,504,143,0.208868628,1753,352,0.726481558,0,13,0.005387484,98,92,0.040613344,0,13,0,58,42,0.024036469,0,13,0
1400000US22071003304,"Census Tract 33.04, Orleans Parish, Louisiana",2656,361,282,110,0.106174699,2278,363,0.857680723,10,15,0.00564759,3,5,0.001129518,0,13,0,34,49,0.012801205,49,53,0.018448795
1400000US22071003307,"Census Tract 33.07, Orleans Parish, Louisiana",1382,259,42,27,0.030390738,1330,264,0.962373372,5,10,0.00723589,0,13,0,0,13,0,0,13,0,5,6,0.003617945
1400000US22071003308,"Census Tract 33.08, Orleans Parish, Louisiana",3710,462,387,176,0.104312668,3228,452,0.870080863,0,13,0.003504043,20,21,0.005390836,0,13,0,27,33,0.007277628,48,56,0.012938005
1400000US22071003400,"Census Tract 34, Orleans Parish, Louisiana",1460,304,543,127,0.371917808,847,281,0.580136986,0,13,0.00890411,0,13,0,0,13,0,11,16,0.007534247,59,63,0.040410959
1400000US22071003500,"Census Tract 35, Orleans Parish, Louisiana",1411,247,175,71,0.124025514,1198,253,0.849043232,0,13,0.009213324,1,3,0.000708717,0,13,0,0,13,0,37,29,0.026222537
1400000US22071003600,"Census Tract 36, Orleans Parish, Louisiana",1461,214,340,68,0.232717317,1064,197,0.728268309,0,13,0.008898015,0,13,0,0,13,0,4,7,0.002737851,53,60,0.036276523
1400000US22071003701,"Census Tract 37.01, Orleans Parish, Louisiana",1876,281,700,160,0.373134328,1042,266,0.5554371,0,13,0.006929638,15,22,0.007995736,0,13,0,52,56,0.02771855,67,51,0.035714286
1400000US22071003702,"Census Tract 37.02, Orleans Parish, Louisiana",3486,460,1453,237,0.416810098,1785,379,0.512048193,0,13,0.003729203,55,51,0.015777395,0,13,0,54,51,0.015490534,139,77,0.039873781
1400000US22071003800,"Census Tract 38, Orleans Parish, Louisiana",1284,218,1218,204,0.948598131,53,70,0.041277259,0,13,0.010124611,13,20,0.010124611,0,13,0,0,13,0,0,13,0
1400000US22071003900,"Census Tract 39, Orleans Parish, Louisiana",1053,193,531,116,0.504273504,415,117,0.394112061,2,4,0.00379867,0,13,0,0,13,0,0,13,0,105,71,0.0997151
1400000US22071004000,"Census Tract 40, Orleans Parish, Louisiana",2073,339,800,196,0.385914134,1269,291,0.612156295,0,13,0.006271105,4,7,0.001929571,0,13,0,0,13,0,0,13,0
1400000US22071004100,"Census Tract 41, Orleans Parish, Louisiana",1501,191,1339,180,0.892071952,139,89,0.09260493,0,13,0.008660893,5,7,0.003331113,0,13,0,5,8,0.003331113,13,13,0.008660893
1400000US22071004401,"Census Tract 44.01, Orleans Parish, Louisiana",984,150,354,115,0.359756098,523,110,0.531504065,0,13,0.013211382,16,27,0.016260163,0,13,0,68,69,0.069105691,23,28,0.023373984
1400000US22071004402,"Census Tract 44.02, Orleans Parish, Louisiana",480,387,70,112,0.145833333,410,345,0.854166667,0,13,0.027083333,0,13,0,0,13,0,0,13,0,0,13,0
1400000US22071004500,"Census Tract 45, Orleans Parish, Louisiana",2433,338,1468,250,0.603370325,939,317,0.38594328,0,13,0.005343198,7,12,0.002877106,0,13,0,7,11,0.002877106,12,18,0.004932182
1400000US22071004600,"Census Tract 46, Orleans Parish, Louisiana",2736,226,2438,223,0.891081871,104,77,0.038011696,0,13,0.004751462,44,40,0.016081871,0,13,0,50,79,0.018274854,100,84,0.036549708
1400000US22071004800,"Census Tract 48, Orleans Parish, Louisiana",389,72,12,16,0.030848329,377,72,0.969151671,0,13,0.033419023,0,13,0,0,13,0,0,13,0,0,13,0
1400000US22071004900,"Census Tract 49, Orleans Parish, Louisiana",1546,315,443,120,0.286545925,1033,307,0.668175938,1,2,0.001293661,23,27,0.014877102,0,13,0,11,17,0.007115136,35,35,0.022639069
1400000US22071005000,"Census Tract 50, Orleans Parish, Louisiana",1077,186,484,105,0.449396472,479,153,0.444753946,0,13,0.012070566,30,27,0.027855153,0,13,0,27,22,0.025069638,57,59,0.052924791
1400000US22071005400,"Census Tract 54, Orleans Parish, Louisiana",1638,210,1243,163,0.758852259,278,142,0.16971917,0,13,0.007936508,0,13,0,0,13,0,51,61,0.031135531,66,51,0.04029304
1400000US22071005500,"Census Tract 55, Orleans Parish, Louisiana",2738,222,2382,254,0.869978086,161,165,0.058802045,24,39,0.014243974,115,130,0.042001461,0,13,0,0,13,0,56,37,0.020452885
1400000US22071005601,"Census Tract 56.01, Orleans Parish, Louisiana",2507,206,2418,207,0.964499402,49,46,0.019545273,0,13,0.005185481,11,16,0.004387714,0,13,0,23,25,0.009174312,6,9,0.002393299
1400000US22071005602,"Census Tract 56.02, Orleans Parish, Louisiana",2589,169,2385,158,0.921205098,74,63,0.028582464,0,13,0.005021244,88,84,0.033989958,0,13,0,0,13,0,42,39,0.01622248
1400000US22071005603,"Census Tract 56.03, Orleans Parish, Louisiana",1739,153,1487,141,0.855089132,117,98,0.067280046,0,13,0.007475561,81,67,0.046578493,0,13,0,21,32,0.012075906,33,23,0.018976423
1400000US22071005604,"Census Tract 56.04, Orleans Parish, Louisiana",1553,143,1351,136,0.869929169,88,105,0.05666452,38,42,0.02704443,64,60,0.04121056,0,13,0,0,13,0,12,20,0.00772698
1400000US22071006000,"Census Tract 60, Orleans Parish, Louisiana",2511,515,511,209,0.20350458,1729,431,0.688570291,0,13,0.00517722,74,65,0.029470331,0,13,0,95,141,0.037833532,102,122,0.040621266
1400000US22071006300,"Census Tract 63, Orleans Parish, Louisiana",1409,165,809,155,0.574166075,485,120,0.344215756,0,13,0.009226402,10,18,0.007097232,0,13,0,69,54,0.048970901,36,33,0.025550035
1400000US22071006400,"Census Tract 64, Orleans Parish, Louisiana",2141,220,1669,221,0.77954227,366,155,0.170948155,0,13,0.006071929,20,20,0.009341429,0,13,0,0,13,0,86,73,0.040168146
1400000US22071006500,"Census Tract 65, Orleans Parish, Louisiana",2750,307,1622,213,0.589818182,885,307,0.321818182,0,13,0.004727273,22,23,0.008,0,13,0,138,144,0.050181818,83,40,0.030181818
1400000US22071006900,"Census Tract 69, Orleans Parish, Louisiana",1265,266,0,13,0,1243,265,0.982608696,0,13,0.01027668,0,13,0,0,13,0,6,10,0.004743083,16,19,0.012648221
1400000US22071007000,"Census Tract 70, Orleans Parish, Louisiana",2153,388,238,156,0.110543428,1820,403,0.845332095,6,10,0.004644682,51,38,0.023687877,0,13,0,23,23,0.010682768,15,19,0.006967023
1400000US22071007101,"Census Tract 71.01, Orleans Parish, Louisiana",2783,230,564,129,0.202659001,2152,208,0.773266259,0,13,0.004671218,28,24,0.010061085,0,13,0,4,8,0.001437298,35,29,0.012576356
1400000US22071007200,"Census Tract 72, Orleans Parish, Louisiana",2964,426,405,208,0.136639676,2500,446,0.843454791,0,13,0.004385965,20,26,0.006747638,9,12,0.003036437,0,13,0,30,33,0.010121457
1400000US22071007501,"Census Tract 75.01, Orleans Parish, Louisiana",2498,345,170,73,0.068054444,2243,294,0.897918335,4,6,0.002401922,27,37,0.010808647,0,13,0,0,13,0,54,67,0.021617294
1400000US22071007502,"Census Tract 75.02, Orleans Parish, Louisiana",3904,558,363,212,0.092981557,3370,504,0.863217213,23,34,0.008709016,10,14,0.002561475,0,13,0,0,13,0,138,145,0.035348361
1400000US22071007604,"Census Tract 76.04, Orleans Parish, Louisiana",1885,140,1814,145,0.962334218,41,61,0.021750663,0,13,0.006896552,30,28,0.015915119,0,13,0,0,13,0,0,13,0
1400000US22071007605,"Census Tract 76.05, Orleans Parish, Louisiana",1466,246,142,66,0.09686221,1268,257,0.864938608,26,40,0.02728513,0,13,0,0,13,0,0,13,0,30,27,0.020463847
1400000US22071007606,"Census Tract 76.06, Orleans Parish, Louisiana",3931,263,3020,275,0.768252353,559,252,0.142203002,0,13,0.003307047,216,123,0.05494785,0,13,0,63,51,0.016026456,73,63,0.018570338
1400000US22071007700,"Census Tract 77, Orleans Parish, Louisiana",2201,334,1887,293,0.857337574,180,129,0.081781009,6,10,0.004543389,84,46,0.038164471,0,13,0,0,13,0,44,37,0.019990913
1400000US22071007800,"Census Tract 78, Orleans Parish, Louisiana",1224,146,903,122,0.737745098,229,119,0.187091503,0,13,0.010620915,10,10,0.008169935,0,13,0,5,8,0.004084967,77,69,0.062908497
1400000US22071008200,"Census Tract 82, Orleans Parish, Louisiana",1525,255,1010,193,0.662295082,292,101,0.19147541,0,13,0.00852459,1,3,0.000655738,0,13,0,183,185,0.12,39,35,0.02557377
1400000US22071008300,"Census Tract 83, Orleans Parish, Louisiana",1203,140,944,167,0.784704904,172,94,0.142975894,0,13,0.010806318,15,16,0.012468828,0,13,0,17,18,0.014131338,55,58,0.045719036
1400000US22071008400,"Census Tract 84, Orleans Parish, Louisiana",1021,168,492,109,0.481880509,413,145,0.404505387,0,13,0.012732615,39,28,0.038197845,0,13,0,34,39,0.033300686,43,34,0.042115573
1400000US22071008500,"Census Tract 85, Orleans Parish, Louisiana",1043,215,119,52,0.11409396,797,204,0.764141898,0,13,0.012464046,0,13,0,0,13,0,121,154,0.116011505,6,13,0.005752637
1400000US22071008600,"Census Tract 86, Orleans Parish, Louisiana",1179,257,230,138,0.195080577,940,227,0.797285835,0,13,0.011026293,9,13,0.007633588,0,13,0,0,13,0,0,13,0
1400000US22071008800,"Census Tract 88, Orleans Parish, Louisiana",1761,234,1299,151,0.737649063,402,183,0.228279387,24,24,0.01362862,19,31,0.010789324,0,13,0,0,13,0,17,21,0.009653606
1400000US22071009000,"Census Tract 90, Orleans Parish, Louisiana",1829,232,1713,245,0.936577365,91,91,0.049753964,0,13,0.007107709,8,13,0.004373975,0,13,0,17,18,0.009294697,0,13,0
1400000US22071009100,"Census Tract 91, Orleans Parish, Louisiana",2068,555,1080,430,0.522243714,917,414,0.443423598,16,20,0.00967118,42,37,0.020309478,0,13,0,0,13,0,13,22,0.006286267
1400000US22071009200,"Census Tract 92, Orleans Parish, Louisiana",1366,291,177,132,0.129575403,1162,248,0.850658858,0,13,0.009516837,0,13,0,0,13,0,0,13,0,27,41,0.019765739
1400000US22071009400,"Census Tract 94, Orleans Parish, Louisiana",1377,253,84,46,0.061002179,1293,250,0.938997821,0,13,0.009440813,0,13,0,0,13,0,0,13,0,0,13,0
1400000US22071009600,"Census Tract 96, Orleans Parish, Louisiana",1691,291,871,131,0.515079834,775,278,0.458308693,0,13,0.007687759,0,13,0,0,13,0,0,13,0,45,36,0.026611473
1400000US22071009700,"Census Tract 97, Orleans Parish, Louisiana",1261,141,1106,140,0.877081681,101,56,0.080095163,0,13,0.010309278,19,24,0.015067407,0,13,0,23,27,0.018239492,12,16,0.009516257
1400000US22071009900,"Census Tract 99, Orleans Parish, Louisiana",2765,386,2172,334,0.785533454,364,207,0.13164557,23,32,0.011573237,36,31,0.013019892,9,14,0.003254973,55,48,0.019891501,106,83,0.038336347
1400000US22071010000,"Census Tract 100, Orleans Parish, Louisiana",1590,212,573,137,0.360377358,953,171,0.599371069,0,13,0.008176101,19,23,0.011949686,0,13,0,17,18,0.010691824,28,20,0.017610063
1400000US22071010100,"Census Tract 101, Orleans Parish, Louisiana",2155,409,1595,305,0.740139211,512,248,0.237587007,13,18,0.008352668,2,4,0.000928074,0,13,0,33,58,0.015313225,0,13,0
1400000US22071010200,"Census Tract 102, Orleans Parish, Louisiana",2557,440,746,199,0.291748142,1656,479,0.647633946,0,13,0.005084083,60,77,0.023464998,8,13,0.003128666,31,31,0.012123582,56,42,0.021900665
1400000US22071010300,"Census Tract 103, Orleans Parish, Louisiana",3657,486,752,137,0.205633033,2805,485,0.767022149,12,17,0.004648619,6,9,0.001640689,0,13,0,26,32,0.007109653,56,54,0.015313098
1400000US22071010600,"Census Tract 106, Orleans Parish, Louisiana",1559,260,1000,212,0.641436818,503,203,0.32264272,0,13,0.008338679,29,30,0.018601668,0,13,0,0,13,0,27,23,0.017318794
1400000US22071010700,"Census Tract 107, Orleans Parish, Louisiana",1875,173,1573,150,0.838933333,166,82,0.088533333,15,20,0.010666667,29,24,0.015466667,0,13,0,27,30,0.0144,65,36,0.034666667
1400000US22071010800,"Census Tract 108, Orleans Parish, Louisiana",1473,135,1377,149,0.934826884,46,41,0.031228785,0,13,0.008825526,9,10,0.00610998,0,13,0,7,10,0.004752206,34,48,0.023082145
1400000US22071010900,"Census Tract 109, Orleans Parish, Louisiana",2729,337,1920,215,0.703554416,728,274,0.266764383,33,43,0.015756687,10,11,0.003664346,0,13,0,5,10,0.001832173,33,37,0.012092342
1400000US22071011100,"Census Tract 111, Orleans Parish, Louisiana",2026,191,891,157,0.439782823,990,144,0.488647581,12,14,0.006910168,9,10,0.004442251,0,13,0,62,60,0.030602172,62,75,0.030602172
1400000US22071011200,"Census Tract 112, Orleans Parish, Louisiana",1594,168,1052,142,0.659974906,477,194,0.299247177,0,13,0.008155583,29,33,0.018193225,0,13,0,8,10,0.005018821,28,31,0.017565872
1400000US22071011400,"Census Tract 114, Orleans Parish, Louisiana",1946,143,1803,132,0.92651593,60,61,0.030832477,0,13,0.00668037,20,23,0.010277492,0,13,0,37,56,0.019013361,26,27,0.01336074
1400000US22071011500,"Census Tract 115, Orleans Parish, Louisiana",1280,161,1100,131,0.859375,63,89,0.04921875,0,13,0.01015625,52,42,0.040625,0,13,0,19,26,0.01484375,46,41,0.0359375
1400000US22071011600,"Census Tract 116, Orleans Parish, Louisiana",1457,135,1322,132,0.907343857,70,59,0.048043926,0,13,0.008922443,39,40,0.02676733,0,13,0,0,13,0,26,25,0.017844887
1400000US22071011700,"Census Tract 117, Orleans Parish, Louisiana",3329,369,3188,381,0.957644938,30,39,0.009011715,0,13,0.003905077,35,38,0.010513668,0,13,0,48,57,0.014418744,28,36,0.008410934
1400000US22071011900,"Census Tract 119, Orleans Parish, Louisiana",1620,236,1238,208,0.764197531,49,47,0.030246914,0,13,0.008024691,177,86,0.109259259,0,13,0,8,12,0.004938272,148,140,0.091358025
1400000US22071012000,"Census Tract 120, Orleans Parish, Louisiana",1337,153,1151,122,0.860882573,96,60,0.071802543,5,8,0.005983545,37,29,0.027673897,0,13,0,30,25,0.022438295,18,21,0.013462977
1400000US22071012101,"Census Tract 121.01, Orleans Parish, Louisiana",3003,277,2341,236,0.77955378,150,82,0.04995005,0,13,0.004329004,350,122,0.116550117,0,13,0,39,41,0.012987013,123,63,0.040959041
1400000US22071012102,"Census Tract 121.02, Orleans Parish, Louisiana",4202,298,2887,281,0.687053784,806,159,0.191813422,0,13,0.003093765,309,95,0.073536411,8,16,0.001903855,78,53,0.018562589,114,69,0.027129938
1400000US22071012200,"Census Tract 122, Orleans Parish, Louisiana",2210,228,1765,182,0.798642534,314,173,0.142081448,7,11,0.004977376,50,38,0.022624434,0,13,0,5,8,0.002262443,69,51,0.031221719
1400000US22071012300,"Census Tract 123, Orleans Parish, Louisiana",2026,278,1106,208,0.545903258,801,279,0.395360316,0,13,0.006416584,45,33,0.022211254,0,13,0,31,24,0.015301086,43,28,0.021224087
1400000US22071012400,"Census Tract 124, Orleans Parish, Louisiana",1878,271,900,122,0.479233227,852,275,0.453674121,33,44,0.02342918,40,28,0.021299255,0,13,0,16,25,0.008519702,37,34,0.01970181
1400000US22071012500,"Census Tract 125, Orleans Parish, Louisiana",1810,174,1262,155,0.697237569,345,124,0.190607735,10,11,0.006077348,95,56,0.052486188,0,13,0,25,38,0.013812155,73,46,0.040331492
1400000US22071012600,"Census Tract 126, Orleans Parish, Louisiana",1638,173,1201,185,0.733211233,298,211,0.181929182,5,8,0.004884005,63,54,0.038461538,0,13,0,0,13,0,71,78,0.043345543
1400000US22071012700,"Census Tract 127, Orleans Parish, Louisiana",2461,279,1340,299,0.544494108,788,308,0.320195043,0,13,0.005282406,261,166,0.106054449,0,13,0,8,12,0.003250711,64,55,0.026005689
1400000US22071012800,"Census Tract 128, Orleans Parish, Louisiana",2181,192,1574,153,0.721687299,397,96,0.182026593,21,21,0.009628611,96,101,0.044016506,0,13,0,27,40,0.012379642,66,48,0.030261348
1400000US22071012900,"Census Tract 129, Orleans Parish, Louisiana",1313,228,811,102,0.617669459,414,181,0.315308454,0,13,0.00990099,18,17,0.013709063,0,13,0,5,8,0.003808073,65,91,0.04950495
1400000US22071013000,"Census Tract 130, Orleans Parish, Louisiana",1568,194,674,125,0.429846939,724,153,0.461734694,0,13,0.008290816,34,24,0.021683673,0,13,0,10,16,0.006377551,126,84,0.080357143
1400000US22071013100,"Census Tract 131, Orleans Parish, Louisiana",1575,289,362,111,0.22984127,1118,283,0.70984127,12,19,0.012063492,68,85,0.043174603,0,13,0,0,13,0,15,16,0.00952381
1400000US22071013200,"Census Tract 132, Orleans Parish, Louisiana",2772,384,999,169,0.36038961,1498,355,0.54040404,27,29,0.01046176,106,118,0.038239538,0,13,0,58,106,0.020923521,84,62,0.03030303
1400000US22071013301,"Census Tract 133.01, Orleans Parish, Louisiana",3546,356,3269,318,0.921883813,127,129,0.035815003,0,13,0.003666103,46,66,0.012972363,0,13,0,0,13,0,104,73,0.029328821
1400000US22071013302,"Census Tract 133.02, Orleans Parish, Louisiana",2143,181,1242,186,0.579561363,621,116,0.289780681,0,13,0.006066262,120,78,0.055996267,0,13,0,13,20,0.006066262,147,108,0.068595427
1400000US22071013400,"Census Tract 134, Orleans Parish, Louisiana",3074,326,1949,247,0.634027326,973,245,0.316525699,0,13,0.004229018,70,68,0.022771633,0,13,0,28,33,0.009108653,54,48,0.017566688
1400000US22071013500,"Census Tract 135, Orleans Parish, Louisiana",1914,347,1743,354,0.910658307,114,95,0.059561129,15,23,0.012016719,0,13,0,0,13,0,0,13,0,42,40,0.021943574
1400000US22071013600,"Census Tract 136, Orleans Parish, Louisiana",1329,205,911,154,0.685477803,385,191,0.289691497,14,19,0.014296464,0,13,0,0,13,0,0,13,0,19,20,0.014296464
1400000US22071013700,"Census Tract 137, Orleans Parish, Louisiana",2427,574,22,37,0.009064689,2383,581,0.981870622,13,19,0.007828595,0,13,0,0,13,0,0,13,0,9,13,0.003708282
1400000US22071013800,"Census Tract 138, Orleans Parish, Louisiana",2664,320,80,38,0.03003003,2419,330,0.908033033,0,13,0.00487988,6,9,0.002252252,0,13,0,99,139,0.037162162,60,91,0.022522523
1400000US22071013900,"Census Tract 139, Orleans Parish, Louisiana",1648,271,1029,209,0.624393204,588,145,0.356796117,0,13,0.00788835,28,20,0.016990291,0,13,0,3,5,0.001820388,0,13,0
1400000US22071014000,"Census Tract 140, Orleans Parish, Louisiana",2054,317,134,127,0.065238559,1904,302,0.926971762,0,13,0.006329114,0,13,0,0,13,0,7,11,0.003407984,9,14,0.004381694
1400000US22071014100,"Census Tract 141, Orleans Parish, Louisiana",2369,551,452,127,0.190797805,1832,548,0.773322077,0,13,0.005487547,45,48,0.018995357,0,13,0,15,20,0.006331786,25,28,0.010552976
1400000US22071014200,"Census Tract 142, Orleans Parish, Louisiana",1514,206,1146,181,0.756935271,312,95,0.206076618,0,13,0.008586526,21,19,0.013870542,0,13,0,35,56,0.023117569,0,13,0
1400000US22071014300,"Census Tract 143, Orleans Parish, Louisiana",1809,254,54,34,0.029850746,1675,250,0.925925926,8,12,0.006633499,0,13,0,0,13,0,0,13,0,72,45,0.039800995
1400000US22071014400,"Census Tract 144, Orleans Parish, Louisiana",1642,238,1145,162,0.697320341,424,138,0.258221681,5,8,0.004872107,27,30,0.016443362,0,13,0,10,13,0.006090134,31,21,0.018879415
1400000US22071014500,"Census Tract 145, Orleans Parish, Louisiana",2261,364,334,160,0.147722247,1917,345,0.847854931,0,13,0.005749668,8,14,0.003538257,0,13,0,2,4,0.000884564,0,13,0
1400000US22071980000,"Census Tract 9800, Orleans Parish, Louisiana",10,13,7,9,0.7,2,4,0.2,0,13,1.3,1,2,0.1,0,13,0,0,13,0,0,13,0
1400000US22071980100,"Census Tract 9801, Orleans Parish, Louisiana",0,13,0,13,#DIV/0!,0,13,#DIV/0!,0,13,#DIV/0!,0,13,#DIV/0!,0,13,#DIV/0!,0,13,#DIV/0!,0,13,#DIV/0!
1400000US22071990000,"Census Tract 9900, Orleans Parish, Louisiana",0,13,0,13,#DIV/0!,0,13,#DIV/0!,0,13,#DIV/0!,0,13,#DIV/0!,0,13,#DIV/0!,0,13,#DIV/0!,0,13,#DIV/0!